split,repo,runs,failures,failure_rate,push_runs,push_share,pull_request_runs,pull_request_share,churn_median,churn_p90,files_modified_median,files_modified_p90,message_length_median,message_length_p90,merge_share,branch_count,top_branches,first_created_at,last_created_at
test,elastic/elasticsearch,3675,6,0.0016326530612244899,3675,1.0,0,0.0,41.0,905.1999999999994,2.0,18.0,149.0,782.1999999999998,0.0010884353741496598,5,"{""9.4"": 1, ""main"": 3660, ""patch/serverless-fix"": 12}",2026-03-05T07:32:36+00:00,2026-04-18T05:12:43+00:00
test,hashicorp/terraform,1826,124,0.06790799561883899,1388,0.76013143483023,438,0.23986856516976998,51.0,972.0,2.0,22.0,75.0,580.0,0.11883899233296824,179,"{""jbardin/provider-eval-scope"": 29, ""main"": 1192, ""stacks-variable-validation-blocks"": 29}",2025-03-25T15:38:57+00:00,2026-04-17T14:09:11+00:00
test,rust-lang/rust,5934,142,0.0239298955173576,1878,0.31648129423660265,4056,0.6835187057633973,57.0,1238.0999999999995,3.0,50.69999999999982,146.0,827.0,0.40141557128412536,3464,"{""auto"": 460, ""automation/bors/auto"": 479, ""main"": 812}",2025-10-12T16:06:45+00:00,2026-04-18T12:21:13+00:00
test,systemd/systemd,1636,211,0.12897310513447433,943,0.5764058679706602,693,0.4235941320293399,20.0,398.5,1.0,9.0,270.0,897.0,0.18581907090464547,87,"{""convert-options-batch"": 45, ""coverity"": 27, ""main"": 943}",2026-03-18T14:21:03+00:00,2026-04-18T13:24:50+00:00
test,tailwindlabs/tailwindcss,1791,112,0.06253489670575098,1791,1.0,0,0.0,51.0,349.0,3.0,13.0,603.0,3611.0,0.0,29,"{""main"": 1760, ""v4.0.15"": 2, ""v4.1.4"": 2}",2025-03-04T15:36:31+00:00,2026-04-17T16:29:22+00:00
train,actions/cache,408,63,0.15441176470588236,125,0.30637254901960786,283,0.6936274509803921,18.0,196490.0,2.0,18.0,47.0,126.0,0.2647058823529412,30,"{""Link-/optimise-deps"": 34, ""main"": 95, ""node24"": 103}",2025-03-18T14:59:32+00:00,2026-04-13T15:57:54+00:00
train,actions/checkout,60,0,0.0,60,1.0,0,0.0,26.0,410.0,3.0,8.0,42.0,1085.0,0.0,3,"{""main"": 58, ""releases/v4"": 1, ""releases/v5"": 1}",2025-06-06T08:19:19+00:00,2026-01-09T20:09:45+00:00
train,actions/runner,419,3,0.007159904534606206,419,1.0,0,0.0,14.0,313.9999999999998,2.0,6.0,77.0,234.2,0.0,1,"{""main"": 419}",2025-03-10T20:45:40+00:00,2026-04-17T13:18:05+00:00
train,actions/setup-node,220,6,0.02727272727272727,220,1.0,0,0.0,181.0,6365.0,6.0,23.0,514.0,1253.0,0.0,1,"{""main"": 220}",2025-03-11T15:09:42+00:00,2026-04-16T17:06:36+00:00
train,actions/setup-python,382,6,0.015706806282722512,382,1.0,0,0.0,140.0,7571.0,5.0,24.0,528.0,956.0,0.0,1,"{""main"": 382}",2025-03-04T22:49:46+00:00,2026-04-15T17:25:45+00:00
train,actions/upload-artifact,181,32,0.17679558011049723,79,0.43646408839779005,102,0.56353591160221,114.0,376521.0,3.0,53.0,68.0,167.0,0.2430939226519337,10,"{""fix-storage-blob"": 20, ""main"": 52, ""node24"": 62}",2025-03-14T15:03:50+00:00,2026-04-10T16:08:35+00:00
train,bitcoin/bitcoin,2522,108,0.04282315622521808,1288,0.5107057890563045,1234,0.48929421094369546,18.0,179.0,2.0,8.0,644.5,1892.0,0.5174464710547185,1175,"{""2511-assert-func"": 3, ""master"": 1285, ""secp256k1_subtree_update"": 4}",2025-03-04T00:40:46+00:00,2026-04-17T20:25:41+00:00
train,curl/curl,3568,201,0.05633408071748879,3552,0.9955156950672646,16,0.004484304932735426,21.0,289.0,2.0,9.0,192.0,562.0000000000018,0.0,3,"{""bagder/altsvc-drop-prio"": 11, ""bagder/write-unit-tests"": 5, ""master"": 3552}",2026-03-17T14:32:25+00:00,2026-04-17T20:41:03+00:00
train,docker/cli,8366,558,0.06669854171647144,3111,0.3718622997848434,5255,0.6281377002151566,21.0,382.0,2.0,16.0,135.0,692.0,0.3718622997848434,593,"{""28.x"": 144, ""bump_engine"": 141, ""master"": 2764}",2025-03-04T13:00:59+00:00,2026-04-17T18:24:37+00:00
train,duckdb/duckdb,6355,726,0.11424075531077892,80,0.012588512981904013,6275,0.987411487018096,13.0,324.0,2.0,10.0,46.0,146.60000000000036,0.12273800157356413,793,"{""add-lance-v1.4"": 69, ""feature/etgarsh/aggregate-state-export/support-max"": 107, ""multistatement_transactional_variegata"": 150}",2026-01-29T11:55:12+00:00,2026-04-17T16:13:21+00:00
train,facebook/react,3018,58,0.019218025182239893,3018,1.0,0,0.0,69.5,554.9000000000005,3.0,14.0,389.0,1533.0,0.0,1,"{""main"": 3018}",2025-09-30T00:40:27+00:00,2026-04-17T17:21:45+00:00
train,flutter/flutter,598,115,0.19230769230769232,598,1.0,0,0.0,22.0,564.1000000000012,2.0,14.0,1137.5,3294.600000000001,0.0,14,"{""gh-readonly-queue/master/pr-184519-0fc773fe7929841855387a04e1599d4b6c24f19d"": 3, ""gh-readonly-queue/master/pr-184697-7bde7c727dd7d7e8510faf41464677e165ed66ee"": 3, ""master"": 567}",2026-03-14T07:44:51+00:00,2026-04-18T04:57:00+00:00
train,helm/helm,4437,92,0.020734730673878748,2894,0.6522425061978815,1543,0.34775749380211857,14.0,254.0,2.0,10.0,124.0,543.0,0.5943204868154158,383,"{""em/reinstate-logger-param"": 39, ""main"": 2630, ""refactor-wait"": 45}",2025-03-04T21:05:42+00:00,2026-04-16T23:00:50+00:00
train,microsoft/vscode,4444,419,0.09428442844284428,3098,0.6971197119711972,1346,0.3028802880288029,39.0,1012.0,2.0,16.0,115.0,593.0,0.15054005400540055,84,"{""dev/mjbvz/potential-narwhal"": 71, ""main"": 3023, ""roblou/agent-host-session-config"": 96}",2026-04-08T07:20:46+00:00,2026-04-18T03:54:23+00:00
train,numpy/numpy,3386,40,0.011813349084465446,1179,0.34819846426461903,2207,0.651801535735381,8.0,136.0,2.0,8.0,86.0,592.0,0.2303603071470762,142,"{""fix-numpy/_core-UP031"": 101, ""main"": 1234, ""resize-refcheck-fix"": 82}",2026-01-08T09:21:51+00:00,2026-04-17T19:58:12+00:00
train,opencv/opencv,118,45,0.3813559322033898,0,0.0,118,1.0,9.5,106.0,1.0,4.0,48.5,101.49999999999999,0.0,110,"{""as/libpng_1.6.51"": 3, ""c_headers"": 3, ""protolite"": 2}",2025-03-11T08:18:31+00:00,2026-04-17T07:57:29+00:00
train,pallets/flask,240,27,0.1125,175,0.7291666666666666,65,0.2708333333333333,29.0,793.6999999999997,3.0,10.099999999999994,30.0,58.0,0.44583333333333336,40,"{""main"": 77, ""stable"": 97, ""zizmor"": 3}",2025-03-29T21:37:40+00:00,2026-04-09T04:04:12+00:00
train,prometheus/prometheus,3820,528,0.1382198952879581,2148,0.562303664921466,1672,0.437696335078534,31.0,471.0,2.0,8.0,141.0,667.0,0.29214659685863875,356,"{""feature/start-time"": 67, ""krajo/st-in-xorchunk"": 80, ""main"": 2003}",2025-09-03T15:20:07+00:00,2026-04-17T16:35:38+00:00
train,scikit-learn/scikit-learn,523,2,0.0038240917782026767,523,1.0,0,0.0,22.0,318.0,2.0,10.0,119.0,195.0,0.0,1,"{""main"": 523}",2026-03-10T17:10:13+00:00,2026-04-18T13:24:59+00:00
train,strapi/strapi,1309,570,0.43544690603514136,721,0.5508021390374331,588,0.44919786096256686,260.0,2265.0,7.0,62.0,56.0,197.40000000000032,0.19786096256684493,67,"{""develop"": 652, ""main"": 130, ""test/merge-e2e-cli"": 55}",2025-08-14T09:17:25+00:00,2026-04-17T14:55:56+00:00
train,tensorflow/tensorflow,2889,329,0.11388023537556248,1843,0.6379370024229837,1046,0.36206299757701627,56.0,818.200000000003,3.0,15.0,119.0,862.0,0.003115264797507788,1028,"{""bzlmod-pip"": 5, ""exported_pr_897263901"": 2, ""master"": 1842}",2026-03-02T10:02:45+00:00,2026-04-18T10:26:30+00:00
validation,denoland/deno,2140,1008,0.47102803738317756,2140,1.0,0,0.0,76.0,583.2000000000003,4.0,21.0,139.5,754.5000000000007,0.0,38,"{""main"": 2102, ""v2.3.4"": 2, ""v2.7.11"": 1}",2025-03-04T15:04:43+00:00,2026-04-18T11:29:58+00:00
validation,django/django,662,6,0.00906344410876133,643,0.9712990936555891,19,0.028700906344410877,21.0,120.0,2.0,7.0,98.0,378.09999999999957,0.0,7,"{""fix36812"": 4, ""hash-exclusion-constraint"": 4, ""main"": 643}",2026-01-08T13:51:00+00:00,2026-04-18T13:52:37+00:00
validation,home-assistant/core,1575,219,0.13904761904761906,1554,0.9866666666666667,21,0.013333333333333334,46.0,749.200000000001,4.0,11.0,55.0,144.60000000000014,0.005714285714285714,4,"{""dev"": 1507, ""master"": 6, ""rc"": 61}",2026-02-28T19:12:26+00:00,2026-04-18T14:58:34+00:00
validation,python/cpython,1852,66,0.035637149028077755,1852,1.0,0,0.0,42.0,1933.0,3.0,11.0,102.0,375.0,0.0032397408207343412,3,"{""main"": 1842, ""v3.15.0a7"": 5, ""v3.15.0a8"": 5}",2026-03-09T17:24:38+00:00,2026-04-18T12:11:18+00:00
